{
	"hidden_layer_count": 1,
	"hidden_layers": [
		{
			"activation_function": "ReLU",
			"biases": [
				-0.19923328,
				2.29299105,
				-0.3737735
			],
			"weights": [
				[
					0.367544247,
					0.399710701,
					0.562482995,
					1.21584223
				],
				[
					0.733857775,
					1.63110209,
					-1.62498659,
					-1.09241287
				],
				[
					-0.490230015,
					0.277883485,
					0.540120978,
					0.34298549
				]
			]
		}
	],
	"inputs": [
		5.5,
		2.5,
		4,
		1.3
	],
	"output": [
		0,
		0.211780024892676
	],
	"output_layer": {
		"activation_function": "ReLU",
		"biases": [
			0.16481194,
			1.43615104
		],
		"weights": [
			[
				-1.44311522,
				1.60677038,
				0.431788186
			],
			[
				-0.302050927,
				0.320649974,
				-0.0542225471
			]
		]
	}
}
